<DataPDU
        xmlns="urn:swift:saa:xsd:saa.2.0">
    <Revision>2.0.1</Revision>
    <Header>
        <Message>
            <SenderReference>OTRGTXEPMXXX056</SenderReference>
            <MessageIdentifier>camt.056.001.08</MessageIdentifier>
            <Format>MX</Format>
            <SubFormat>Output</SubFormat>
            <Sender>
                <DN>cn=rtgs,o=trgtxepm,o=swift</DN>
                <FullName>
                    <X1>TRGTXEPMXXX</X1>
                </FullName>
            </Sender>
            <Receiver>
                <DN>o=ingbnl2a,o=swift</DN>
                <FullName>
                    <X1>INGBNL2AXXX</X1>
                </FullName>
            </Receiver>
            <NetworkInfo>
                <Priority>Normal</Priority>
                <IsPossibleDuplicate>false</IsPossibleDuplicate>
                <Service>esmig.t2.iast!pu</Service>
                <Network>SWIFTNet</Network>
                <SessionNr>173</SessionNr>
                <SeqNr>41827</SeqNr>
                <SWIFTNetNetworkInfo>
                    <RequestType>camt.056.001.08</RequestType>
                    <SWIFTRef>swi02248-2022-10-20T11:14:35.12586.507411Z</SWIFTRef>
                </SWIFTNetNetworkInfo>
            </NetworkInfo>
        </Message>
    </Header>
    <Body>
        <AppHdr
                xmlns="urn:iso:std:iso:20022:tech:xsd:head.001.001.01">
            <Fr>
                <FIId>
                    <FinInstnId>
                        <BICFI>INGBNL2AXXX</BICFI>
                    </FinInstnId>
                </FIId>
            </Fr>
            <To>
                <FIId>
                    <FinInstnId>
                        <BICFI>INGBNL2AXXX</BICFI>
                    </FinInstnId>
                </FIId>
            </To>
            <BizMsgIdr>REF/7c3c432293a246acbe0fd2337c38db1</BizMsgIdr>
            <MsgDefIdr>camt.056.001.08</MsgDefIdr>
            <CreDt>2021-06-17T08:13:28Z</CreDt>
        </AppHdr>
        <Document
                xmlns="urn:iso:std:iso:20022:tech:xsd:camt.056.001.08">
            <FIToFIPmtCxlReq>
                <Assgnmt>
                    <Id>NONREF</Id>
                    <Assgnr>
                        <Agt>
                            <FinInstnId>
                                <BICFI>INGBNL2AXXX</BICFI>
                            </FinInstnId>
                        </Agt>
                    </Assgnr>
                    <Assgne>
                        <Agt>
                            <FinInstnId>
                                <BICFI>INGBNL2AXXX</BICFI>
                            </FinInstnId>
                        </Agt>
                    </Assgne>
                    <CreDtTm>2021-06-17T10:13:28.626+02:00</CreDtTm>
                </Assgnmt>
                <Undrlyg>
                    <TxInf>
                        <CxlId>CID/4701.0/eff78</CxlId>
                        <OrgnlGrpInf>
                            <OrgnlMsgId>REF/eb895733e6d44294bc106c59b4c364d</OrgnlMsgId>
                            <OrgnlMsgNmId>pacs.008.001.08</OrgnlMsgNmId>
                            <OrgnlCreDtTm>2021-06-17T07:56:42.795+02:00</OrgnlCreDtTm>
                        </OrgnlGrpInf>
                        <OrgnlInstrId>3801.0/e569976b9</OrgnlInstrId>
                        <OrgnlEndToEndId>O2M/3801.0/e6000</OrgnlEndToEndId>
                        <OrgnlUETR>66013ba7-1c46-444a-9f22-40aa4cbe9bfb</OrgnlUETR>
                        <OrgnlClrSysRef>CSR/3801.0/e5699</OrgnlClrSysRef>
                        <OrgnlIntrBkSttlmAmt Ccy="EUR">1000.0</OrgnlIntrBkSttlmAmt>
                        <OrgnlIntrBkSttlmDt>2021-06-17</OrgnlIntrBkSttlmDt>
                        <CxlRsnInf>
                            <Orgtr>
                                <Nm>John Doe Treasury</Nm>
                                <PstlAdr>
                                    <StrtNm>Grote Markt 2</StrtNm>
                                    <TwnNm>Brussels</TwnNm>
                                    <Ctry>BE</Ctry>
                                </PstlAdr>
                            </Orgtr>
                            <Rsn>
                                <Cd>CUST</Cd>
                            </Rsn>
                            <AddtlInf>Please reject this cancellation. Ciao bye bye</AddtlInf>
                        </CxlRsnInf>
                    </TxInf>
                </Undrlyg>
            </FIToFIPmtCxlReq>
        </Document>
    </Body>
    <RoutingInfo>
        <ConsumerId>GCB_GPEE_PSI</ConsumerId>
        <ReceiverBIC>INGBNL2A</ReceiverBIC>
        <MessageType>camt.056.001.08</MessageType>
        <DigSignValidationByConsumer>N</DigSignValidationByConsumer>
        <REF>020003609567</REF>
    </RoutingInfo>
</DataPDU>