<?xml version="1.0" encoding="UTF-8" standalone="yes"?>
<DataPDU xmlns="urn:swift:saa:xsd:saa.2.0" xmlns:ns2="urn:iso:std:iso:20022:tech:xsd:head.001.001.01" xmlns:ns3="urn:iso:std:iso:20022:tech:xsd:camt.056.001.08">
    <Revision>2.0.1</Revision>
    <Header>
        <Message>
            <SenderReference>OTRGTXEPMXXX056</SenderReference>
            <MessageIdentifier>camt.056.001.08</MessageIdentifier>
            <Format>MX</Format>
            <SubFormat>Output</SubFormat>
            <Sender>
                <DN>cn=rtgs,o=trgtxepm,o=swift</DN>
                <FullName>
                    <X1>TRGTXEPMXXX</X1>
                </FullName>
            </Sender>
            <Receiver>
                <DN>o=ingbnl2a,o=swift</DN>
                <FullName>
                    <X1>INGBNL2AXXX</X1>
                </FullName>
            </Receiver>
            <NetworkInfo>
                <Priority>Normal</Priority>
                <IsPossibleDuplicate>false</IsPossibleDuplicate>
                <Service>esmig.t2.iast!pu</Service>
                <Network>SWIFTNet</Network>
                <SessionNr>173</SessionNr>
                <SeqNr>41827</SeqNr>
                <SWIFTNetNetworkInfo>
                    <RequestType>camt.056.001.08</RequestType>
                    <SWIFTRef>swi02248-2022-10-20T11:14:35.12586.507411Z</SWIFTRef>
                </SWIFTNetNetworkInfo>
            </NetworkInfo>
        </Message>
    </Header>
    <Body>
        <ns2:AppHdr>
            <ns2:Fr>
                <ns2:FIId>
                    <ns2:FinInstnId>
                        <ns2:BICFI>INGBNL2AXXX</ns2:BICFI>
                    </ns2:FinInstnId>
                </ns2:FIId>
            </ns2:Fr>
            <ns2:To>
                <ns2:FIId>
                    <ns2:FinInstnId>
                        <ns2:BICFI>INGBNL2AXXX</ns2:BICFI>
                    </ns2:FinInstnId>
                </ns2:FIId>
            </ns2:To>
            <ns2:BizMsgIdr>REF/7c3c432293a246acbe0fd2337c38db1</ns2:BizMsgIdr>
            <ns2:MsgDefIdr>camt.056.001.08</ns2:MsgDefIdr>
            <ns2:CreDt>2021-06-17T08:13:28Z</ns2:CreDt>
        </ns2:AppHdr>
        <ns3:Document>
            <ns3:FIToFIPmtCxlReq>
                <ns3:Assgnmt>
                    <ns3:Id>NONREF</ns3:Id>
                    <ns3:Assgnr>
                        <ns3:Agt>
                            <ns3:FinInstnId>
<ns3:BICFI>INGBNL2AXXX</ns3:BICFI>
                            </ns3:FinInstnId>
                        </ns3:Agt>
                    </ns3:Assgnr>
                    <ns3:Assgne>
                        <ns3:Agt>
                            <ns3:FinInstnId>
<ns3:BICFI>INGBNL2AXXX</ns3:BICFI>
                            </ns3:FinInstnId>
                        </ns3:Agt>
                    </ns3:Assgne>
                    <ns3:CreDtTm>2021-06-17T10:13:28.626+02:00</ns3:CreDtTm>
                </ns3:Assgnmt>
                <ns3:Undrlyg>
                    <ns3:TxInf>
                        <ns3:CxlId>CID/4701.0/eff78</ns3:CxlId>
                        <ns3:OrgnlGrpInf>
                            <ns3:OrgnlMsgId>REF/eb895733e6d44294bc106c59b4c364d</ns3:OrgnlMsgId>
                            <ns3:OrgnlMsgNmId>pacs.008.001.08</ns3:OrgnlMsgNmId>
                            <ns3:OrgnlCreDtTm>2021-06-17T07:56:42.795+02:00</ns3:OrgnlCreDtTm>
                        </ns3:OrgnlGrpInf>
                        <ns3:OrgnlInstrId>3801.0/e569976b9</ns3:OrgnlInstrId>
                        <ns3:OrgnlEndToEndId>O2M/3801.0/e6000</ns3:OrgnlEndToEndId>
                        <ns3:OrgnlUETR>new-value</ns3:OrgnlUETR>
                        <ns3:OrgnlClrSysRef>CSR/3801.0/e5699</ns3:OrgnlClrSysRef>
                        <ns3:OrgnlIntrBkSttlmAmt Ccy="EUR">1000.0</ns3:OrgnlIntrBkSttlmAmt>
                        <ns3:OrgnlIntrBkSttlmDt>2021-06-17</ns3:OrgnlIntrBkSttlmDt>
                        <ns3:CxlRsnInf>
                            <ns3:Orgtr>
<ns3:Nm>John Doe Treasury</ns3:Nm>
<ns3:PstlAdr>
    <ns3:StrtNm>Grote Markt 2</ns3:StrtNm>
    <ns3:TwnNm>Brussels</ns3:TwnNm>
    <ns3:Ctry>BE</ns3:Ctry>
</ns3:PstlAdr>
                            </ns3:Orgtr>
                            <ns3:Rsn>
<ns3:Cd>CUST</ns3:Cd>
                            </ns3:Rsn>
                            <ns3:AddtlInf>Please reject this cancellation. Ciao bye bye</ns3:AddtlInf>
                        </ns3:CxlRsnInf>
                    </ns3:TxInf>
                </ns3:Undrlyg>
            </ns3:FIToFIPmtCxlReq>
        </ns3:Document>
    </Body>
    <RoutingInfo>
        <ConsumerId>GCB_GPEE_PSI</ConsumerId>
        <ReceiverBIC>INGBNL2A</ReceiverBIC>
        <MessageType>camt.056.001.08</MessageType>
        <DigSignValidationByConsumer>N</DigSignValidationByConsumer>
        <REF>20003609567</REF>
    </RoutingInfo>
</DataPDU>
